{"stats":{"minecraft:mined":{"minecraft:oak_log":6},"minecraft:custom":{"minecraft:jump":18,"minecraft:time_since_rest":1287,"minecraft:crouch_one_cm":491,"minecraft:leave_game":2,"minecraft:play_time":1287,"minecraft:sprint_one_cm":284,"minecraft:time_since_death":1287,"minecraft:walk_one_cm":1516,"minecraft:sneak_time":488,"minecraft:total_world_time":1287,"minecraft:fly_one_cm":138},"minecraft:crafted":{"minecraft:oak_planks":24},"minecraft:picked_up":{"minecraft:oak_log":6}},"DataVersion":3953}