{"stats":{"minecraft:crafted":{"minecraft:oak_planks":24},"minecraft:custom":{"minecraft:jump":41,"minecraft:time_since_rest":11705,"minecraft:damage_dealt":151,"minecraft:play_time":11705,"minecraft:crouch_one_cm":665,"minecraft:leave_game":3,"minecraft:sprint_one_cm":1050,"minecraft:time_since_death":11705,"minecraft:walk_one_cm":6469,"minecraft:sneak_time":642,"minecraft:total_world_time":11705,"minecraft:mob_kills":1,"minecraft:fall_one_cm":209,"minecraft:fly_one_cm":11910},"minecraft:picked_up":{"minecraft:oak_log":6,"minecraft:spider_eye":1},"minecraft:mined":{"minecraft:oak_log":6},"minecraft:killed":{"minecraft:spider":1},"minecraft:used":{"minecraft:netherite_sword":1}},"DataVersion":3953}